pdt_name,pdt_name_clean,group_id,pdt_name_processed,category
(BBC) Eosin Y alcoholic 3.8L,bbc eosin y alcoholic 3.8l,638,bbc eosin y alcoholic 3 8l,기타
라인프렌즈 홈즈 차량용 에어후레쉬(브라운/1.9ml),라인프렌즈 홈즈 차량용 에어후레쉬 브라운 1.9ml,1825,라인프렌즈 홈즈 차량용 에어후레쉬 브라운 1 9ml,기타
도면통(대),도면통 대,2233,도면통 대,기타
"가스 누출 탐지제 (BC-100 보글체크, 나바켐)","가스 누출 탐지제 bc-100 보글체크, 나바켐",914,가스 누출 탐지제 bc 100 보글체크 나바켐,기타
"(HITACHI) ISE High(control), 3㎖ * 5","hitachi ise high control , 3㎖ * 5",75,hitachi ise high control 3 5,기타
이지쿨맥시 플라스틱 밀폐용기 16호 8.2L,이지쿨맥시 플라스틱 밀폐용기 16호 8.2l,1945,이지쿨맥시 플라스틱 밀폐용기 16호 8 2l,기타
로드셀,로드셀,2132,로드셀,기타
"케이블타이 (상품코드: K44003516), PK(1000EA)","케이블타이 상품코드: k44003516 , pk 1000ea",1791,케이블타이 상품코드 k44003516 pk 1000ea,기타
"[Potter] Smoke Detector, Conventional Type with Base","potter smoke detector, conventional type with base",320,potter smoke detector conventional type with base,기타
프릭션 노크볼펜0.5(청/LFBK-23EF/1자루/PIOLT),프릭션 노크볼펜0.5 청 lfbk-23ef 1자루 piolt,1121,프릭션 노크볼펜0 5 청 lfbk 23ef 1자루 piolt,볼펜
자율주행 모빌리티·플랫폼 개발동향과 미래차 인프라구축 상용화 R&D전략,자율주행 모빌리티·플랫폼 개발동향과 미래차 인프라구축 상용화 r&d전략,1355,자율주행 모빌리티 플랫폼 개발동향과 미래차 인프라구축 상용화 r d전략,기타
여행용 아답터(녹색/USB 2port/2100mA),여행용 아답터 녹색 usb 2port 2100ma,1288,여행용 아답터 녹색 usb 2port 2100ma,기타
스티키노트(5138W/2개입/프린텍),스티키노트 5138w 2개입 프린텍,1550,스티키노트 5138w 2개입 프린텍,노트
TGK 유리 로트 다리 길이 형,tgk 유리 로트 다리 길이 형,1166,tgk 유리 로트 다리 길이 형,기타
E30 Portable 외장 SSD(1TB/블루블랙/Sandisk) 오피스디포 상품코드 : 283352,e30 portable 외장 ssd 1tb 블루블랙 sandisk 오피스디포 상품코드 : 283352,1456,e30 portable 외장 ssd 1tb 블루블랙 sandisk 오피스디포 상품코드 283352,기타
아인샤프(A125/청색/0.5/1자루/PENTEL),아인샤프 a125 청색 0.5 1자루 pentel,1138,아인샤프 a125 청색 0 5 1자루 pentel,샤프
"SiliCycle(실리사이클) SiliaFest FaPEx Pigmented, FPX-PM-50 (50/box)","silicycle 실리사이클 siliafest fapex pigmented, fpx-pm-50 50 box",431,silicycle 실리사이클 siliafest fapex pigmented fpx pm 50 50 box,기타
강력 2공펀치(75XL/CARL),강력 2공펀치 75xl carl,1570,강력 2공펀치 75xl carl,펀치류
합지D링바인더(3cm/회색/오피스디포),합지d링바인더 3cm 회색 오피스디포,1931,합지d링바인더 3cm 회색 오피스디포,바인더
"갤럭시 북2 pro 360 , 삼성","갤럭시 북2 pro 360 , 삼성",1963,갤럭시 북2 pro 360 삼성,기타
포스트-잇(팝업팩/C-4214/3M),포스트-잇 팝업팩 c-4214 3m,1679,포스트 잇 팝업팩 c 4214 3m,기타
"DAIHAN-brand® All PVC Wet Scrubber Ducted Fume Hood for Acid/Chemical Resistance, 1500-/1800-/2100-/2400-mm (A) Bypass or (B) Air Curtain-Type, Circulation Pump, PP Pall Ring Filter, Demister, Air-/Gas-/Water-Cock, Cup Sink, and Drain 내산 / 내약품용 PVC 닥트형 스크러버 흄후드, PVC 재질의 외부/내부/작업대, 내화학성, 대기오염방지형 ","daihan-brand® all pvc wet scrubber ducted fume hood for acid chemical resistance, 1500- 1800- 2100- 2400-mm a bypass or b air curtain-type, circulation pump, pp pall ring filter, demister, air- gas- water-cock, cup sink, and drain 내산 내약품용 pvc 닥트형 스크러버 흄후드, pvc 재질의 외부 내부 작업대, 내화학성, 대기오염방지형",484,daihan brand all pvc wet scrubber ducted fume hood for acid chemical resistance 1500 1800 2100 2400 mm a bypass or b air curtain type circulation pump pp pall ring filter demister air gas water cock cup sink and drain 내산 내약품용 pvc 닥트형 스크러버 흄후드 pvc 재질의 외부 내부 작업대 내화학성 대기오염방지형,기타
(SIG ALD) Transferrin human  95+% 1g [CAS n/a],sig ald transferrin human 95+% 1g cas n a,643,sig ald transferrin human 95 1g cas n a,기타
"[Metrohm] Mini USB adapter cable, 25 cm","metrohm mini usb adapter cable, 25 cm",229,metrohm mini usb adapter cable 25 cm,기타
소프트 엑스레이,소프트 엑스레이,2325,소프트 엑스레이,기타
ISO 23150:2023,iso 23150:2023,1065,iso 23150 2023,기타
작업대 (1500),작업대 1500,1894,작업대 1500,기타
Cyclonic Spray Chambers O-Ring Free (N0776052 대체) N0775351,cyclonic spray chambers o-ring free n0776052 대체 n0775351,320,cyclonic spray chambers o ring free n0776052 대체 n0775351,기타
송월타월 수건,송월타월 수건,2233,송월타월 수건,기타
"Supelco, N-nitrosodiethanolamine, 1116-54-7,표준시약, 500 mg","supelco, n-nitrosodiethanolamine, 1116-54-7,표준시약, 500 mg",623,supelco n nitrosodiethanolamine 1116 54 7 표준시약 500 mg,기타
1L 분액깔대기 (테프론코크),1l 분액깔대기 테프론코크,2333,1l 분액깔대기 테프론코크,기타
"래드애플팜_ [국산,얼음골사과와인] 속빨간사과와인 500ml X 1병 (Alc.13%)","래드애플팜_ 국산,얼음골사과와인 속빨간사과와인 500ml x 1병 alc.13%",1837,래드애플팜 국산 얼음골사과와인 속빨간사과와인 500ml x 1병 alc 13,기타
"㈜EDS솔루션 방진복 OP(O) P/K, XL","㈜eds솔루션 방진복 op o p k, xl",1359,eds솔루션 방진복 op o p k xl,기타
콘크리트 연마용 더블컵 (외경 100mm 내경 16mm),콘크리트 연마용 더블컵 외경 100mm 내경 16mm,1908,콘크리트 연마용 더블컵 외경 100mm 내경 16mm,기타
마더스쿡 숯불고구마치킨 150g,마더스쿡 숯불고구마치킨 150g,1543,마더스쿡 숯불고구마치킨 150g,기타
펩시제로슈거 라임 콜라  250ml 30캔,펩시제로슈거 라임 콜라 250ml 30캔,1835,펩시제로슈거 라임 콜라 250ml 30캔,기타
실험용 마스크,실험용 마스크,2349,실험용 마스크,기타
DSCB0855A,dscb0855a,593,dscb0855a,기타
CD/DVD라벨(V3771/무광/20매/프린텍),cd dvd라벨 v3771 무광 20매 프린텍,413,cd dvd라벨 v3771 무광 20매 프린텍,기타
컬러날크립(소/CM-2400/32개입/바이하츠),컬러날크립 소 cm-2400 32개입 바이하츠,1781,컬러날크립 소 cm 2400 32개입 바이하츠,기타
"3M 반면형 방독마스크(산업용,공업용)","3m 반면형 방독마스크 산업용,공업용",2199,3m 반면형 방독마스크 산업용 공업용,기타
"(MOLTOX) TA100 (Ames assay STDisc), 71-100L","moltox ta100 ames assay stdisc , 71-100l",121,moltox ta100 ames assay stdisc 71 100l,기타
제침기,제침기,2074,제침기,기타
OL770-7G-2.0 3mm Glass Fiber Optic,ol770-7g-2.0 3mm glass fiber optic,107,ol770 7g 2 0 3mm glass fiber optic,기타
안전게시판 (포멕스),안전게시판 포멕스,2421,안전게시판 포멕스,게시판
나이트코어(NITECORE) Q6 충전기,나이트코어 nitecore q6 충전기,2303,나이트코어 nitecore q6 충전기,기타
EXPO 보드마카 Bullet팁(녹/1자루/SANFORD),expo 보드마카 bullet팁 녹 1자루 sanford,340,expo 보드마카 bullet팁 녹 1자루 sanford,마카
화이트보드 칠판 무광 자석,화이트보드 칠판 무광 자석,2180,화이트보드 칠판 무광 자석,화이트보드
(SPL) PETRI DISH(90mm*15mm) (Cat. No. 10090) 500EA/BOX,spl petri dish 90mm*15mm cat. no. 10090 500ea box,648,spl petri dish 90mm 15mm cat no 10090 500ea box,기타
"[Agilent] 122-4762 Agilent 122-4762 DB-17MS 60m, 0.25mm, 0.25um","agilent 122-4762 agilent 122-4762 db-17ms 60m, 0.25mm, 0.25um",782,agilent 122 4762 agilent 122 4762 db 17ms 60m 0 25mm 0 25um,기타
콜스탬프불변스탬프패드(적색),콜스탬프불변스탬프패드 적색,2351,콜스탬프불변스탬프패드 적색,기타
BB 크림,bb 크림,1874,bb 크림,기타
절취스프링 B5 좌철 65매/옥스포드),절취스프링 b5 좌철 65매 옥스포드,2086,절취스프링 b5 좌철 65매 옥스포드,기타
[삼전순약공업(주)]에틸 알콜 94.5% (E1093)(K53714139),삼전순약공업 주 에틸 알콜 94.5% e1093 k53714139,1352,삼전순약공업 주 에틸 알콜 94 5 e1093 k53714139,기타
뉴로얄 캐릭터 화투,뉴로얄 캐릭터 화투,2144,뉴로얄 캐릭터 화투,기타
퍼시스 회의 테이블 FRX(독립형),퍼시스 회의 테이블 frx 독립형,377,퍼시스 회의 테이블 frx 독립형,기타
볼텍스 믹서,볼텍스 믹서,2233,볼텍스 믹서,기타
대형염수시험장치의 온습도 항온항습장치,대형염수시험장치의 온습도 항온항습장치,2452,대형염수시험장치의 온습도 항온항습장치,기타
"[Ajilrant] Liquid trap, Mark 7 spray chamber","ajilrant liquid trap, mark 7 spray chamber",320,ajilrant liquid trap mark 7 spray chamber,기타
브레이크 파츠클리너,브레이크 파츠클리너,2372,브레이크 파츠클리너,기타
"봉인스티커 제작 (1팩, 500개)","봉인스티커 제작 1팩, 500개",1777,봉인스티커 제작 1팩 500개,스티커지
중량렉(철재프레임),중량렉 철재프레임,2327,중량렉 철재프레임,기타
그라인더(3),그라인더 3,1902,그라인더 3,기타
[TACTIX]드라이버 세트 (205440),tactix 드라이버 세트 205440,1611,tactix 드라이버 세트 205440,기타
라벨프린터(LW-H200RK/엡손),라벨프린터 lw-h200rk 엡손,999,라벨프린터 lw h200rk 엡손,사무기기
"퍼시스, 헤드레스트형 의자, CH6200AH, 2H4B","퍼시스, 헤드레스트형 의자, ch6200ah, 2h4b",1225,퍼시스 헤드레스트형 의자 ch6200ah 2h4b,기타
크레욜라 일반크레용48색,크레욜라 일반크레용48색,2439,크레욜라 일반크레용48색,기타
"Hanshin® Stainless-steel Tubing Bands, with Adjusting Screw Nut, Φ6~254mm, Grip Good for Heavy-Duty, Rustless, Thickness : 0.6/0.7mm, 스텐 튜빙 크램프(밴드)","hanshin® stainless-steel tubing bands, with adjusting screw nut, φ6~254mm, grip good for heavy-duty, rustless, thickness : 0.6 0.7mm, 스텐 튜빙 크램프 밴드",109,hanshin stainless steel tubing bands with adjusting screw nut 6 254mm grip good for heavy duty rustless thickness 0 6 0 7mm 스텐 튜빙 크램프 밴드,기타
골드다용도테이프(디스펜서/18mmX30m),골드다용도테이프 디스펜서 18mmx30m,1997,골드다용도테이프 디스펜서 18mmx30m,테이프류
청면테이프 25M (20개 묶음),청면테이프 25m 20개 묶음,1822,청면테이프 25m 20개 묶음,테이프류
헤일리 이지 폴딩 테이블 1800mm 브라운,헤일리 이지 폴딩 테이블 1800mm 브라운,1971,헤일리 이지 폴딩 테이블 1800mm 브라운,기타
랜스타 HDMI 듀얼 모니터 KVM 스위치,랜스타 hdmi 듀얼 모니터 kvm 스위치,769,랜스타 hdmi 듀얼 모니터 kvm 스위치,기타
blue cap&septa agilent(100개/case) 캡 Cat. No. 5182-0717,blue cap&septa agilent 100개 case 캡 cat. no. 5182-0717,1504,blue cap septa agilent 100개 case 캡 cat no 5182 0717,기타
ASME B31.4-2022,asme b31.4-2022,585,asme b31 4 2022,기타
[NO.564]CB318WA(HP/잉크/파랑),no.564 cb318wa hp 잉크 파랑,958,no 564 cb318wa hp 잉크 파랑,잉크젯 카트리지
덤젤 중성펜 0.38(블루 /1자루/신지),덤젤 중성펜 0.38 블루 1자루 신지,2259,덤젤 중성펜 0 38 블루 1자루 신지,젤펜/중성펜
가스크로마토그래피,가스크로마토그래피,2293,가스크로마토그래피,기타
연강봉 (CR-13),연강봉 cr-13,1218,연강봉 cr 13,기타
(Tarsons) 1000㎕ 피펫팁 (1ml),tarsons 1000㎕ 피펫팁 1ml,1328,tarsons 1000 피펫팁 1ml,기타
"프릭션 포인트 노크 0.4, 블랙 (지워지는 볼펜_LFPK-2534_.04)","프릭션 포인트 노크 0.4, 블랙 지워지는 볼펜_lfpk-2534_.04",2378,프릭션 포인트 노크 0 4 블랙 지워지는 볼펜 lfpk 2534 04,볼펜
"(Thermo Fisher Scientific) SEAL,PISTON,SB,UHMW/TFE,PK","thermo fisher scientific seal,piston,sb,uhmw tfe,pk",301,thermo fisher scientific seal piston sb uhmw tfe pk,기타
시료거치대,시료거치대,1985,시료거치대,기타
어망용 방오도료,어망용 방오도료,2328,어망용 방오도료,기타
F1급 100g 분동 (낱개) / 원형분동 + P.P Case (교정성적서 포함),f1급 100g 분동 낱개 원형분동 + p.p case 교정성적서 포함,421,f1급 100g 분동 낱개 원형분동 p p case 교정성적서 포함,기타
어린이용자전거,어린이용자전거,2375,어린이용자전거,기타
일진 벽걸이 구급함,일진 벽걸이 구급함,2290,일진 벽걸이 구급함,기타
TESTO 탁상용 온습도계 608-H1,testo 탁상용 온습도계 608-h1,1005,testo 탁상용 온습도계 608 h1,기타
[알파] 더블클립 골드 19mm(소),알파 더블클립 골드 19mm 소,2011,알파 더블클립 골드 19mm 소,클립/핀류
옥스포드 포켓 절취 스프링 노트,옥스포드 포켓 절취 스프링 노트,2415,옥스포드 포켓 절취 스프링 노트,노트
"AS ONE, 다이아몬드펜 D포인트펜용 교체심","as one, 다이아몬드펜 d포인트펜용 교체심",2314,as one 다이아몬드펜 d포인트펜용 교체심,기타
립아이스 애플,립아이스 애플,2184,립아이스 애플,기타
전기차 LIB Pack(정상구동제품),전기차 lib pack 정상구동제품,1129,전기차 lib pack 정상구동제품,기타
"중성 인산염 pH 표준용액 KS M 1026, ml","중성 인산염 ph 표준용액 ks m 1026, ml",1629,중성 인산염 ph 표준용액 ks m 1026 ml,기타
"(Falcon) 1회용 피펫(10ml)(FA. 356551), 10ml, 200/box","falcon 1회용 피펫 10ml fa. 356551 , 10ml, 200 box",1484,falcon 1회용 피펫 10ml fa 356551 10ml 200 box,기타
아이린 섬유유연제 핑크로즈,아이린 섬유유연제 핑크로즈,2453,아이린 섬유유연제 핑크로즈,기타
UNICELL(KOREA) LF-101 유량계,unicell korea lf-101 유량계,570,unicell korea lf 101 유량계,기타
"Bottle, HDPE, Square ( VITLAB )","bottle, hdpe, square vitlab",343,bottle hdpe square vitlab,기타
후지필름 파인픽스 XP120 (블루),후지필름 파인픽스 xp120 블루,1130,후지필름 파인픽스 xp120 블루,기타
(COWIE) PTFE  마그네틱 리프리버,cowie ptfe 마그네틱 리프리버,1041,cowie ptfe 마그네틱 리프리버,기타
빅앤트 48리터 폴딩 세트,빅앤트 48리터 폴딩 세트,2208,빅앤트 48리터 폴딩 세트,기타
(Agillent) Seat assembly PEEK 0.17mm G7129-87017,agillent seat assembly peek 0.17mm g7129-87017,582,agillent seat assembly peek 0 17mm g7129 87017,기타
"(안셀) 베임방지장갑(하이플렉스 11-724, Cut Level 3)","안셀 베임방지장갑 하이플렉스 11-724, cut level 3",1566,안셀 베임방지장갑 하이플렉스 11 724 cut level 3,기타
Sipoe 캔들 라이터,sipoe 캔들 라이터,2183,sipoe 캔들 라이터,기타
"(크린가드) A10, SBW 상의, 보호용 방진복, 하늘색, L size (24ea/box)","크린가드 a10, sbw 상의, 보호용 방진복, 하늘색, l size 24ea box",1478,크린가드 a10 sbw 상의 보호용 방진복 하늘색 l size 24ea box,기타
"Wheaton® Multi-function Sample Vials, with Screw Thread, 1.8 ~ 40㎖For Autosamplers / CG, EPA, Organic Analysis & General Purpose다용도 Sample Vials, 캡 별도, 각종 분석 / 환경 및 일반 샘플링용, ASTM/EPA/USP/ISO ","wheaton® multi-function sample vials, with screw thread, 1.8 ~ 40㎖for autosamplers cg, epa, organic analysis & general purpose다용도 sample vials, 캡 별도, 각종 분석 환경 및 일반 샘플링용, astm epa usp iso",1015,wheaton multi function sample vials with screw thread 1 8 40 for autosamplers cg epa organic analysis general purpose다용도 sample vials 캡 별도 각종 분석 환경 일반 샘플링용 astm epa usp iso,기타
KCC 우레탄 페인트  모노탄 상도(3.6L) 회색 -1액형-,kcc 우레탄 페인트 모노탄 상도 3.6l 회색 -1액형-,1392,kcc 우레탄 페인트 모노탄 상도 3 6l 회색 1액형,기타
"PP Film 0.1T10W, 200M ","pp film 0.1t10w, 200m",221,pp film 0 1t10w 200m,기타
[TraceCERT] Extractables and Leachables PE/PP mix for GC,tracecert extractables and leachables pe pp mix for gc,62,tracecert extractables and leachables pe pp mix for gc,기타
건습식 진공청소기,건습식 진공청소기,2457,건습식 진공청소기,기타
누사인 테이프 디스펜서(NS121/화이트),누사인 테이프 디스펜서 ns121 화이트,1120,누사인 테이프 디스펜서 ns121 화이트,테이프류
"“ThermoStableTM WLF” Digital Laboratory Freezer, -35℃~+10℃, 320 Lit, 420Lit, 620 Lit with 3×Shelves, Digital Fuzzy Control System, Fast Freezing Function, CFC-Free Refrigeration, Certi. & Traceability 디지털 저온 냉동고, 디지털 퍼지 컨트롤, 친환경 냉매(134A) 채용, 급속 냉동 기능","“thermostabletm wlf” digital laboratory freezer, -35℃~+10℃, 320 lit, 420lit, 620 lit with 3×shelves, digital fuzzy control system, fast freezing function, cfc-free refrigeration, certi. & traceability 디지털 저온 냉동고, 디지털 퍼지 컨트롤, 친환경 냉매 134a 채용, 급속 냉동 기능",385,thermostabletm wlf digital laboratory freezer 35 10 320 lit 420lit 620 lit with 3 shelves digital fuzzy control system fast freezing function cfc free refrigeration certi traceability 디지털 저온 냉동고 디지털 퍼지 컨트롤 친환경 냉매 134a 채용 급속 냉동 기능,기타
"아카시아 마스타책상/B형 이동서랍/오크샤모, DHF-52 (W404*D500*H675)","아카시아 마스타책상 b형 이동서랍 오크샤모, dhf-52 w404*d500*h675",1044,아카시아 마스타책상 b형 이동서랍 오크샤모 dhf 52 w404 d500 h675,기타
OA팬시페이퍼A4 180g(R05/분홍색/15매/두성),oa팬시페이퍼a4 180g r05 분홍색 15매 두성,1656,oa팬시페이퍼a4 180g r05 분홍색 15매 두성,기타
재활용품(분리수거)(1532/190X60X2 (포멕스)),재활용품 분리수거 1532 190x60x2 포멕스,1518,재활용품 분리수거 1532 190x60x2 포멕스,기타
MARKER THREAD 47 TEX 5000M,marker thread 47 tex 5000m,232,marker thread 47 tex 5000m,기타
플러스 수정테이프(OfficeDEPOT),플러스 수정테이프 officedepot,1704,플러스 수정테이프 officedepot,테이프류
"(FUJIFILM) NEFA R1 (Solvent B), 25㎖ * 4","fujifilm nefa r1 solvent b , 25㎖ * 4",525,fujifilm nefa r1 solvent b 25 4,기타
오일 드레인,오일 드레인,1925,오일 드레인,기타
Window 11 Home (DSP 64bit 한글),window 11 home dsp 64bit 한글,1165,window 11 home dsp 64bit 한글,기타
"DURAN® Glass Buchner Funnel with Perforated Plate, 70~1000㎖ for Mambrane/Filter-paper/Filter-cloth, Borosilicate Glass 3.3, Φ4.8~12cm, 글라스 부후너 깔때기","duran® glass buchner funnel with perforated plate, 70~1000㎖ for mambrane filter-paper filter-cloth, borosilicate glass 3.3, φ4.8~12cm, 글라스 부후너 깔때기",824,duran glass buchner funnel with perforated plate 70 1000 for mambrane filter paper filter cloth borosilicate glass 3 3 4 8 12cm 글라스 부후너 깔때기,기타
(보쉬) 무선 충전 송풍기(GBL 18V-120) 세트,보쉬 무선 충전 송풍기 gbl 18v-120 세트,1047,보쉬 무선 충전 송풍기 gbl 18v 120 세트,기타
ERGO K860,ergo k860,350,ergo k860,기타
무소음테이프,무소음테이프,2327,무소음테이프,테이프류
(Sanplatec) 일회용 비이커(PP),sanplatec 일회용 비이커 pp,1528,sanplatec 일회용 비이커 pp,기타
"Mouse, Rat FSH ELISA Kit (Colorimetric)","mouse, rat fsh elisa kit colorimetric",203,mouse rat fsh elisa kit colorimetric,기타
"SCISSOR (SHARP-BLUNT) - 발사가위 (수술가위), straight 12 cm, S-1101-12, S-50-12-S (독일제)","scissor sharp-blunt - 발사가위 수술가위 , straight 12 cm, s-1101-12, s-50-12-s 독일제",495,scissor sharp blunt 발사가위 수술가위 straight 12 cm s 1101 12 s 50 12 s 독일제,기타
탄산칼슘,탄산칼슘,1780,탄산칼슘,기타
[스테들러] 슬라이딩 리필지우개(흰색),스테들러 슬라이딩 리필지우개 흰색,2393,스테들러 슬라이딩 리필지우개 흰색,기타
"Mitutoyo® Digital Calipers, LCD Display, 0~300mm, 디지털 캘리퍼스","mitutoyo® digital calipers, lcd display, 0~300mm, 디지털 캘리퍼스",1393,mitutoyo digital calipers lcd display 0 300mm 디지털 캘리퍼스,기타
고궁의아침(A4/대례지/08),고궁의아침 a4 대례지 08,2022,고궁의아침 a4 대례지 08,기타
[한국도자기] 프라우나 루미너스 솔라 머그세트 2p 골드,한국도자기 프라우나 루미너스 솔라 머그세트 2p 골드,2233,한국도자기 프라우나 루미너스 솔라 머그세트 2p 골드,기타
Needle,needle,582,needle,기타
"수니 보온 투명 워터팩, 커버포함, PVC","수니 보온 투명 워터팩, 커버포함, pvc",1912,수니 보온 투명 워터팩 커버포함 pvc,기타
ep Dualfilter T.I.P.S. G PCR clean and sterile 2-100μL/ 0030 078 543(구모델 0030077547),ep dualfilter t.i.p.s. g pcr clean and sterile 2-100μl 0030 078 543 구모델 0030077547,418,ep dualfilter t i p s g pcr clean and sterile 2 100 l 0030 078 543 구모델 0030077547,기타
냉장고용 다용도 서랍 15cm 4개 Set,냉장고용 다용도 서랍 15cm 4개 set,1959,냉장고용 다용도 서랍 15cm 4개 set,기타
레이저 레벨기,레이저 레벨기,2147,레이저 레벨기,기타
"컬러 마스킹테이프/파랑/폭12mm, 길이40M","컬러 마스킹테이프 파랑 폭12mm, 길이40m",1808,컬러 마스킹테이프 파랑 폭12mm 길이40m,테이프류
[코텍] 땜납(K-0055) 납땜 실납,코텍 땜납 k-0055 납땜 실납,2149,코텍 땜납 k 0055 납땜 실납,기타
[리바트] 팔레트 카페 수납장,리바트 팔레트 카페 수납장,2362,리바트 팔레트 카페 수납장,기타
3M 스카치 마루보호 패드 원형(베이지/소/SP848-NA),3m 스카치 마루보호 패드 원형 베이지 소 sp848-na,1572,3m 스카치 마루보호 패드 원형 베이지 소 sp848 na,기타
[sigma-aldrich] Hexaethylene Glycol Monododecyl Ether,sigma-aldrich hexaethylene glycol monododecyl ether,624,sigma aldrich hexaethylene glycol monododecyl ether,기타
뉴네퓨어 프리미엄 황사사방역용마스크 KF94,뉴네퓨어 프리미엄 황사사방역용마스크 kf94,1356,뉴네퓨어 프리미엄 황사사방역용마스크 kf94,기타
와이어 스트리퍼 (TS-WS06),와이어 스트리퍼 ts-ws06,1351,와이어 스트리퍼 ts ws06,기타
USB 허브,usb 허브,1276,usb 허브,기타
32A 레버 와이어 컨넥터,32a 레버 와이어 컨넥터,1848,32a 레버 와이어 컨넥터,기타
[도디스] 중하중 바퀴 - 4개/1Set,도디스 중하중 바퀴 - 4개 1set,2165,도디스 중하중 바퀴 4개 1set,기타
"유리시험편, 강화유리(165 mm × 165 mm × 5 (T),  4-R2 모서리 마감 처리)","유리시험편, 강화유리 165 mm × 165 mm × 5 t , 4-r2 모서리 마감 처리",2031,유리시험편 강화유리 165 mm 165 mm 5 t 4 r2 모서리 마감 처리,기타
"Merck® Silica Gel 60, Reliable Silica Gel for Normal-phase Chromatography & Adsorption Process for Purification / Separation, 최상의 실리카겔","merck® silica gel 60, reliable silica gel for normal-phase chromatography & adsorption process for purification separation, 최상의 실리카겔",528,merck silica gel 60 reliable silica gel for normal phase chromatography adsorption process for purification separation 최상의 실리카겔,기타
TLC Spotting Capillary Tube / TLC용 모세관 [Cat. No. C08-132-168] [모델명 : 1182-01],tlc spotting capillary tube tlc용 모세관 cat. no. c08-132-168 모델명 : 1182-01,198,tlc spotting capillary tube tlc용 모세관 cat no c08 132 168 모델명 1182 01,기타
부동액 비중계 배터리 냉각수 굴절식 빙점측정,부동액 비중계 배터리 냉각수 굴절식 빙점측정,2459,부동액 비중계 배터리 냉각수 굴절식 빙점측정,기타
fondu cement,fondu cement,537,fondu cement,기타
"“Cleanwrap” Paper Bowl & Cup, Reusable, Q-Marked <br> 종이 접시 / 공기, 재사용, 환경친화적","“cleanwrap” paper bowl & cup, reusable, q-marked <br> 종이 접시 공기, 재사용, 환경친화적",231,cleanwrap paper bowl cup reusable q marked br 종이 접시 공기 재사용 환경친화적,기타
Scienceware® Lab Companion™ cabinet vacuum desiccator,scienceware® lab companion™ cabinet vacuum desiccator,486,scienceware lab companion cabinet vacuum desiccator,기타
작업 리프트,작업 리프트,2249,작업 리프트,기타
물티슈 캡형,물티슈 캡형,2362,물티슈 캡형,기타
실험용 누름판,실험용 누름판,2327,실험용 누름판,기타
스타벅스 더블샷(200mlX36캔/동서식품),스타벅스 더블샷 200mlx36캔 동서식품,1800,스타벅스 더블샷 200mlx36캔 동서식품,기타
[퍼시스] MF102W,퍼시스 mf102w,1099,퍼시스 mf102w,기타
MP7227-DA,mp7227-da,360,mp7227 da,기타
"유한킴벌리 크리넥스 비말차단 에어마스크, KF-AD(대형,흰색)","유한킴벌리 크리넥스 비말차단 에어마스크, kf-ad 대형,흰색",1150,유한킴벌리 크리넥스 비말차단 에어마스크 kf ad 대형 흰색,기타
디자인마스킹(브아운콘/DM26-1510/15mmx10m),디자인마스킹 브아운콘 dm26-1510 15mmx10m,1571,디자인마스킹 브아운콘 dm26 1510 15mmx10m,기타
"(Daejung) Sodium phosphate dibasic anhydrous 99%, 500 g [CAS 7558-79-4]","daejung sodium phosphate dibasic anhydrous 99%, 500 g cas 7558-79-4",669,daejung sodium phosphate dibasic anhydrous 99 500 g cas 7558 79 4,기타
웨그테일 스퀴지 신형 하이플라이어 35cm 유리창닦이 12리터 세트 아파트유리창문청소도구,웨그테일 스퀴지 신형 하이플라이어 35cm 유리창닦이 12리터 세트 아파트유리창문청소도구,1905,웨그테일 스퀴지 신형 하이플라이어 35cm 유리창닦이 12리터 세트 아파트유리창문청소도구,기타
"애플 아이패드 미니 5세대(Wi-Fi, 64GB)","애플 아이패드 미니 5세대 wi-fi, 64gb",789,애플 아이패드 미니 5세대 wi fi 64gb,기타
"10L Liquid Nitrogen Tank Cryogenic Dewar Container Aluminum Semen Tank LN2 (6 X Canisters, 1 X carry bag 포함)","10l liquid nitrogen tank cryogenic dewar container aluminum semen tank ln2 6 x canisters, 1 x carry bag 포함",331,10l liquid nitrogen tank cryogenic dewar container aluminum semen tank ln2 6 x canisters 1 x carry bag 포함,기타
Wall Speaker,wall speaker,32,wall speaker,기타
"염수분무 부식시험용 철 시편(KS D 3512 SPCE 강판) (70 X 150 X 1) mm, Ra=(0.8±0.3) ㎛, KS D 9502","염수분무 부식시험용 철 시편 ks d 3512 spce 강판 70 x 150 x 1 mm, ra= 0.8±0.3 ㎛, ks d 9502",1590,염수분무 부식시험용 철 시편 ks d 3512 spce 강판 70 x 150 x 1 mm ra 0 8 0 3 ks d 9502,기타
PILOT frixion 지워지는 볼펜 프릭션 3색 슬림볼펜 0.5mm,pilot frixion 지워지는 볼펜 프릭션 3색 슬림볼펜 0.5mm,1433,pilot frixion 지워지는 볼펜 프릭션 3색 슬림볼펜 0 5mm,볼펜
니트릴일회용장갑(L/화이트/100입/마스케어),니트릴일회용장갑 l 화이트 100입 마스케어,2010,니트릴일회용장갑 l 화이트 100입 마스케어,기타
[3M]NBR 폼 코팅 장갑 (Super Grip 200 GRAY) L size (단위 : PK),3m nbr 폼 코팅 장갑 super grip 200 gray l size 단위 : pk,1260,3m nbr 폼 코팅 장갑 super grip 200 gray l size 단위 pk,기타
드라이버,드라이버,2113,드라이버,기타
듀플렉스 청소기 2in1 유선청소기 DP-606VC,듀플렉스 청소기 2in1 유선청소기 dp-606vc,1003,듀플렉스 청소기 2in1 유선청소기 dp 606vc,기타
스위스비기뉴 스케이트보드 일반형,스위스비기뉴 스케이트보드 일반형,2423,스위스비기뉴 스케이트보드 일반형,기타
[JTC]열수축 방수 튜브 세트 (JTC-5919),jtc 열수축 방수 튜브 세트 jtc-5919,1872,jtc 열수축 방수 튜브 세트 jtc 5919,기타
꿀꽈배기(75gX5EA/농심),꿀꽈배기 75gx5ea 농심,1876,꿀꽈배기 75gx5ea 농심,기타
포스트-잇(653-2/노랑 분홍/3M),포스트-잇 653-2 노랑 분홍 3m,2190,포스트 잇 653 2 노랑 분홍 3m,기타
자동스탬프 리필패드(C-0822용),자동스탬프 리필패드 c-0822용,1144,자동스탬프 리필패드 c 0822용,기타
출퇴근기록기(BX-1600/AMANO),출퇴근기록기 bx-1600 amano,1227,출퇴근기록기 bx 1600 amano,기타
[PRESI] (20070) 500 CC DIAMOND SUSPENSION ADS POLYCRYSTALLINE 1 μ,presi 20070 500 cc diamond suspension ads polycrystalline 1 μ,46,presi 20070 500 cc diamond suspension ads polycrystalline 1,기타
요떼아모폴리백편선지D01(21-크라프트U120/두성종이),요떼아모폴리백편선지d01 21-크라프트u120 두성종이,2216,요떼아모폴리백편선지d01 21 크라프트u120 두성종이,기타
[캐논] 배터리,캐논 배터리,2144,캐논 배터리,기타
BABY IN CAR 여(칼라)/150X120 (스티커),baby in car 여 칼라 150x120 스티커,1657,baby in car 여 칼라 150x120 스티커,스티커지
라인테이프(3.0mm/연두색),라인테이프 3.0mm 연두색,2034,라인테이프 3 0mm 연두색,테이프류
(스마토) 플라스틱 체인 (SMC 롤형 / 6 ㎜ × 45 m / 황색 / SMC1) ROLL,스마토 플라스틱 체인 smc 롤형 6 ㎜ × 45 m 황색 smc1 roll,719,스마토 플라스틱 체인 smc 롤형 6 45 m 황색 smc1 roll,기타
[125419]오스람 PL 램프 콤팩트 형광등 36W 주광색,125419 오스람 pl 램프 콤팩트 형광등 36w 주광색,1551,125419 오스람 pl 램프 콤팩트 형광등 36w 주광색,기타
"(주) 신코, Plane Mirror","주 신코, plane mirror",2337,주 신코 plane mirror,기타
안전봉 제작 및 설치,안전봉 제작 및 설치,2365,안전봉 제작 설치,기타
합지D링바인더(3cm/녹색/오피스디포),합지d링바인더 3cm 녹색 오피스디포,1931,합지d링바인더 3cm 녹색 오피스디포,바인더
애플펜슬 (APPLE Pencil 2세대 MU8F2KH/A (정품)),애플펜슬 apple pencil 2세대 mu8f2kh a 정품,232,애플펜슬 apple pencil 2세대 mu8f2kh a 정품,기타
포장비닐랩(대) 셀러케이 파랑 스트레치 필름,포장비닐랩 대 셀러케이 파랑 스트레치 필름,2405,포장비닐랩 대 셀러케이 파랑 스트레치 필름,기타
마그네틱 모듈형 자석보드 오거나이저,마그네틱 모듈형 자석보드 오거나이저,2357,마그네틱 모듈형 자석보드 오거나이저,자석류
웨더스트립 촉진노화용 시편 칼날 1호,웨더스트립 촉진노화용 시편 칼날 1호,2269,웨더스트립 촉진노화용 시편 칼날 1호,기타
오스모코크 식물영양제,오스모코크 식물영양제,2294,오스모코크 식물영양제,기타
우산자동포장기(STC-608),우산자동포장기 stc-608,1267,우산자동포장기 stc 608,기타
"(SIG ALD) Sodium phosphate dibasic dihydrate, 30435-1KG","sig ald sodium phosphate dibasic dihydrate, 30435-1kg",677,sig ald sodium phosphate dibasic dihydrate 30435 1kg,기타
이디야 비니스트 카페라떼(13gx10T),이디야 비니스트 카페라떼 13gx10t,1840,이디야 비니스트 카페라떼 13gx10t,기타
초경량 6인치 안전화 스핀업 터프 (SPINUP TOUGH),초경량 6인치 안전화 스핀업 터프 spinup tough,1474,초경량 6인치 안전화 스핀업 터프 spinup tough,클립/핀류
HB문화사 필기구 펜슬박스 JAVA LINE 문구셋트 가성비 12종 셋트,hb문화사 필기구 펜슬박스 java line 문구셋트 가성비 12종 셋트,1870,hb문화사 필기구 펜슬박스 java line 문구셋트 가성비 12종 셋트,박스류
"Sterikon plus Bioindicator(for checks on autoclaving), sigma-aldrich(merck)","sterikon plus bioindicator for checks on autoclaving , sigma-aldrich merck",625,sterikon plus bioindicator for checks on autoclaving sigma aldrich merck,기타
"장진공구,  2날 복합소재 가공용 볼 엔드밀 2CPB","장진공구, 2날 복합소재 가공용 볼 엔드밀 2cpb",1638,장진공구 2날 복합소재 가공용 볼 엔드밀 2cpb,기타
